{"metadata":{"asset_id":"5a569e9c-9113-47cc-8a45-d75e78dae05a","asset_attributes":["data_asset"],"name":"car_sales_data_sample.csv","asset_type":"data_asset","created_at":"2023-10-23T09:45:08Z","origin_country":"us","owner_id":"IBMid-6630022AAB","project_id":"714f585d-c1c5-4bad-8f33-f5fa627c9de3","size":527958,"usage":{"last_update_time":1698054572411,"last_updated_at":"2023-10-23T09:49:32Z"}},"entity":{"data_asset":{"mime_type":"text/csv","dataset":false,"schema":{"etag":"\"38a3712cdcbf34d3c9f69b032e071d15\"","valid_since":"Mon, 23 Oct 2023 09:45:03 GMT","fields":[{"name":"ORDERNUMBER","type":"integer","format":"default"},{"name":"QUANTITYORDERED","type":"integer","format":"default"},{"name":"PRICEEACH","type":"integer","format":"default"},{"name":"ORDERLINENUMBER","type":"integer","format":"default"},{"name":"SALES","type":"number","format":"default"},{"name":"ORDERDATE","type":"string","format":"default"},{"name":"STATUS","type":"string","format":"default"},{"name":"QTR_ID","type":"string","format":"default"},{"name":"MONTH_ID","type":"string","format":"default"},{"name":"YEAR_ID","type":"string","format":"default"},{"name":"PRODUCTLINE","type":"string","format":"default"},{"name":"MSRP","type":"integer","format":"default"},{"name":"PRODUCTCODE","type":"string","format":"default"},{"name":"CUSTOMERNAME","type":"string","format":"default"},{"name":"PHONE","type":"string","format":"default"},{"name":"ADDRESSLINE1","type":"string","format":"default"},{"name":"ADDRESSLINE2","type":"string","format":"default"},{"name":"CITY","type":"string","format":"default"},{"name":"STATE","type":"string","format":"default"},{"name":"POSTALCODE","type":"string","format":"default"},{"name":"COUNTRY","type":"string","format":"default"},{"name":"TERRITORY","type":"string","format":"default"},{"name":"CONTACTLASTNAME","type":"string","format":"default"},{"name":"CONTACTFIRSTNAME","type":"string","format":"default"},{"name":"DEALSIZE","type":"string","format":"default"}]}},"location_definition":{"physical_location_code_assignment_method":"INFERRED","physical_location_code":"FRA","physical_location_code_assigned_by":"IBMid-6630022AAB","physical_location_code_added_on":"1698054308669","physical_location_code_rds_version":"00002023-0806-4112-8446-009015000000_4","physical_location_code_rds_id":"c57cb90f-2126-3800-9c9f-9eab82021cdf"}},"attachments":[{"id":"5115eb0d-fcc3-41fb-b137-2f1f15adb9a4","version":2,"asset_type":"data_asset","name":"car_sales_data_sample.csv","mime":"text/csv","datasource_type":"193a97c1-4475-4a19-b90c-295c4fdc6517","object_key":"car_sales_data_sample.csv","creator_id":"IBMid-6630022AAB","create_time":1698054308670,"size":527958,"is_remote":false,"is_managed":false,"is_referenced":true,"is_object_key_read_only":true,"is_user_provided_path_key":true,"transfer_complete":true,"is_partitioned":false,"complete_time_ticks":1698054308670,"user_data":{},"test_doc":0,"handle":{"bucket":"capstoneproject-donotdelete-pr-hf70x7m35rgivt","location":"eu-de","type":"bluemix_cos","key":"car_sales_data_sample.csv","upload_id":"done","max_part_num":1},"usage":{"access_count":0,"last_accessor_id":"IBMid-6630022AAB","last_access_time":1698054308670}}]}
