{"metadata":{"asset_id":"967850b3-17ba-4384-8098-2e98152178d8","asset_attributes":["data_asset"],"name":"m5_survey_data_demographics.csv","asset_type":"data_asset","created_at":"2023-10-23T09:53:35Z","origin_country":"us","owner_id":"IBMid-6630022AAB","project_id":"714f585d-c1c5-4bad-8f33-f5fa627c9de3","size":23516217,"usage":{"last_update_time":1698054982289,"last_updated_at":"2023-10-23T09:56:22Z"}},"entity":{"data_asset":{"mime_type":"text/csv","dataset":false,"schema":{"etag":"\"0e886e84c9acc96a356c6b1a003b8c8a-5\"","valid_since":"Mon, 23 Oct 2023 09:53:34 GMT","fields":[{"name":"Respondent","type":"integer","format":"default"},{"name":"MainBranch","type":"string","format":"default"},{"name":"Hobbyist","type":"string","format":"default"},{"name":"OpenSourcer","type":"string","format":"default"},{"name":"OpenSource","type":"string","format":"default"},{"name":"Employment","type":"string","format":"default"},{"name":"Country","type":"string","format":"default"},{"name":"Student","type":"string","format":"default"},{"name":"EdLevel","type":"string","format":"default"},{"name":"UndergradMajor","type":"string","format":"default"},{"name":"EduOther","type":"string","format":"default"},{"name":"OrgSize","type":"string","format":"default"},{"name":"DevType","type":"string","format":"default"},{"name":"YearsCode","type":"string","format":"default"},{"name":"Age1stCode","type":"string","format":"default"},{"name":"YearsCodePro","type":"string","format":"default"},{"name":"CareerSat","type":"string","format":"default"},{"name":"JobSat","type":"string","format":"default"},{"name":"MgrIdiot","type":"string","format":"default"},{"name":"MgrMoney","type":"string","format":"default"},{"name":"MgrWant","type":"string","format":"default"},{"name":"JobSeek","type":"string","format":"default"},{"name":"LastHireDate","type":"any","format":"default"},{"name":"LastInt","type":"string","format":"default"},{"name":"FizzBuzz","type":"string","format":"default"},{"name":"JobFactors","type":"string","format":"default"},{"name":"ResumeUpdate","type":"string","format":"default"},{"name":"CurrencySymbol","type":"string","format":"default"},{"name":"CurrencyDesc","type":"string","format":"default"},{"name":"CompTotal","type":"integer","format":"default"},{"name":"CompFreq","type":"string","format":"default"},{"name":"ConvertedComp","type":"integer","format":"default"},{"name":"WorkWeekHrs","type":"integer","format":"default"},{"name":"WorkPlan","type":"string","format":"default"},{"name":"WorkChallenge","type":"string","format":"default"},{"name":"WorkRemote","type":"string","format":"default"},{"name":"WorkLoc","type":"string","format":"default"},{"name":"ImpSyn","type":"string","format":"default"},{"name":"CodeRev","type":"string","format":"default"},{"name":"CodeRevHrs","type":"string","format":"default"},{"name":"UnitTests","type":"string","format":"default"},{"name":"PurchaseHow","type":"string","format":"default"},{"name":"PurchaseWhat","type":"string","format":"default"},{"name":"BetterLife","type":"string","format":"default"},{"name":"ITperson","type":"string","format":"default"},{"name":"OffOn","type":"string","format":"default"},{"name":"SocialMedia","type":"string","format":"default"},{"name":"Extraversion","type":"string","format":"default"},{"name":"ScreenName","type":"string","format":"default"},{"name":"SOVisit1st","type":"year","format":"default"},{"name":"SOVisitFreq","type":"string","format":"default"},{"name":"SOVisitTo","type":"string","format":"default"},{"name":"SOFindAnswer","type":"string","format":"default"},{"name":"SOTimeSaved","type":"string","format":"default"},{"name":"SOHowMuchTime","type":"string","format":"default"},{"name":"SOAccount","type":"string","format":"default"},{"name":"SOPartFreq","type":"string","format":"default"},{"name":"SOJobs","type":"string","format":"default"},{"name":"EntTeams","type":"string","format":"default"},{"name":"SOComm","type":"string","format":"default"},{"name":"WelcomeChange","type":"string","format":"default"},{"name":"SONewContent","type":"string","format":"default"},{"name":"Age","type":"string","format":"default"},{"name":"Gender","type":"string","format":"default"},{"name":"Trans","type":"string","format":"default"},{"name":"Sexuality","type":"string","format":"default"},{"name":"Ethnicity","type":"string","format":"default"},{"name":"Dependents","type":"string","format":"default"},{"name":"SurveyLength","type":"string","format":"default"},{"name":"SurveyEase","type":"string","format":"default"}]}},"location_definition":{"physical_location_code_assignment_method":"INFERRED","physical_location_code":"FRA","physical_location_code_assigned_by":"IBMid-6630022AAB","physical_location_code_added_on":"1698054815345","physical_location_code_rds_version":"00002023-0806-4112-8446-009015000000_4","physical_location_code_rds_id":"c57cb90f-2126-3800-9c9f-9eab82021cdf"}},"attachments":[{"id":"02c2644e-3c2c-458e-a1e5-f381135e2409","version":2,"asset_type":"data_asset","name":"m5_survey_data_demographics.csv","mime":"text/csv","datasource_type":"193a97c1-4475-4a19-b90c-295c4fdc6517","object_key":"m5_survey_data_demographics.csv","creator_id":"IBMid-6630022AAB","create_time":1698054815345,"size":23516217,"is_remote":false,"is_managed":false,"is_referenced":true,"is_object_key_read_only":true,"is_user_provided_path_key":true,"transfer_complete":true,"is_partitioned":false,"complete_time_ticks":1698054815345,"user_data":{},"test_doc":0,"handle":{"bucket":"capstoneproject-donotdelete-pr-hf70x7m35rgivt","location":"eu-de","type":"bluemix_cos","key":"m5_survey_data_demographics.csv","upload_id":"done","max_part_num":1},"usage":{"access_count":0,"last_accessor_id":"IBMid-6630022AAB","last_access_time":1698054815345}}]}
