{"metadata":{"asset_id":"c7ced23a-b036-4c22-99ab-17d25b58818a","asset_attributes":["notebook"],"name":"M2DataWrangling-lab","asset_type":"notebook","created_at":"2023-10-21T14:29:42Z","description":"","origin_country":"us","owner_id":"IBMid-6630022AAB","project_id":"714f585d-c1c5-4bad-8f33-f5fa627c9de3","size":8105,"tags":["notebook"],"usage":{"last_update_time":1697898635379,"last_updated_at":"2023-10-21T14:30:35Z"}},"entity":{"notebook":{"kernel":{"name":"python3","display_name":"Python 3.10","language":"python"},"originates_from":{"type":"file"},"runtime":{"environment":"rt222pys1-714f585d-c1c5-4bad-8f33-f5fa627c9de3"}},"location_definition":{"physical_location_code":"FRA","physical_location_code_assigned_by":"IBMid-6630022AAB","physical_location_code_rds_id":"c57cb90f-2126-3800-9c9f-9eab82021cdf","physical_location_code_rds_version":"00002023-0806-4112-8446-009015000000_4","physical_location_code_assignment_method":"INFERRED","physical_location_code_added_on":"1697898583428"}},"attachments":[{"id":"7e152e7b-7559-49d8-99e5-17f29e073247","version":2,"asset_type":"notebook","name":"attachment for notebook c7ced23a-b036-4c22-99ab-17d25b58818a","description":"attachment for notebook c7ced23a-b036-4c22-99ab-17d25b58818a","mime":"application/json","datasource_type":"193a97c1-4475-4a19-b90c-295c4fdc6517","object_key":"notebook/M2DataWrangling-lab_w8HSRiYbM.ipynb","creator_id":"IBMid-6630022AAB","create_time":1697898583429,"size":8105,"is_remote":false,"is_managed":false,"is_referenced":true,"is_object_key_read_only":false,"is_user_provided_path_key":true,"transfer_complete":true,"is_partitioned":false,"complete_time_ticks":1697898583429,"user_data":{},"test_doc":0,"handle":{"bucket":"capstoneproject-donotdelete-pr-hf70x7m35rgivt","location":"eu-de","type":"bluemix_cos","key":"notebook/M2DataWrangling-lab_w8HSRiYbM.ipynb","upload_id":"done","max_part_num":1},"usage":{"access_count":1,"last_accessor_id":"IBMid-6630022AAB","last_access_time":1697898635376,"last_updater_id":"IBMid-6630022AAB","last_update_time":1697898635376}}]}
